Workbook

Sheet Sheet1
A1: name | B1: Country | C1: wikipedia_language | D1: page_title | E1: page_url | F1: wikipedia_content_html | G1: wikipedia_content_wikitext
A2: BARBAGALLO Giovanni | B2: =INDEX(Sheet2!$D$2:$D$1210,MATCH(Sheet1!A2,Sheet2!$B$2:$B$1210,0)) -> IT
A3: CRUZ Joaquim | B3: =INDEX(Sheet2!$D$2:$D$1210,MATCH(Sheet1!A3,Sheet2!$B$2:$B$1210,0)) -> PT
A4: DIETRICH Roberto | B4: =INDEX(Sheet2!$D$2:$D$1210,MATCH(Sheet1!A4,Sheet2!$B$2:$B$1210,0)) -> RO
A5: GKIKOPOULOS Georgios | B5: =INDEX(Sheet2!$D$2:$D$1210,MATCH(Sheet1!A5,Sheet2!$B$2:$B$1210,0)) -> GR
A6: HIDVÉGHI Balázs | B6: =INDEX(Sheet2!$D$2:$D$1210,MATCH(Sheet1!A6,Sheet2!$B$2:$B$1210,0)) -> HU
A7: KARI Rina Ronja | B7: =INDEX(Sheet2!$D$2:$D$1210,MATCH(Sheet1!A7,Sheet2!$B$2:$B$1210,0)) -> DK
A8: KOEWIUS Annette | B8: =INDEX(Sheet2!$D$2:$D$1210,MATCH(Sheet1!A8,Sheet2!$B$2:$B$1210,0)) -> DE
A9: REVAULT D'ALLONNES BONNEFOY Christine | B9: =INDEX(Sheet2!$D$2:$D$1210,MATCH(Sheet1!A9,Sheet2!$B$2:$B$1210,0)) -> FR
A10: ABELA BALDACCHINO Claudette | B10: =INDEX(Sheet2!$D$2:$D$1210,MATCH(Sheet1!A10,Sheet2!$B$2:$B$1210,0)) -> MT
A11: BALDINI Marino | B11: =INDEX(Sheet2!$D$2:$D$1210,MATCH(Sheet1!A11,Sheet2!$B$2:$B$1210,0)) -> HR
A12: BERTOT Fabrizio | B12: =INDEX(Sheet2!$D$2:$D$1210,MATCH(Sheet1!A12,Sheet2!$B$2:$B$1210,0)) -> IT
A13: BONANINI Franco | B13: =INDEX(Sheet2!$D$2:$D$1210,MATCH(Sheet1!A13,Sheet2!$B$2:$B$1210,0)) -> IT
... A86: STADLER Ewald | B86: =INDEX(Sheet2!$D$2:$D$1210,MATCH(Sheet1!A86,Sheet2!$B$2:$B$1210,0)) -> AT
A87: TERHO Sampo | B87: FI
A88: TREMATERRA Gino | B88: =INDEX(Sheet2!$D$2:$D$1210,MATCH(Sheet1!A88,Sheet2!$B$2:$B$1210,0)) -> IT
A89: WEIDENHOLZER Josef | B89: =INDEX(Sheet2!$D$2:$D$1210,MATCH(Sheet1!A89,Sheet2!$B$2:$B$1210,0)) -> AT
A90: ZANONI Andrea | B90: =INDEX(Sheet2!$D$2:$D$1210,MATCH(Sheet1!A90,Sheet2!$B$2:$B$1210,0)) -> IT
A91: ZIJLSTRA Auke | B91: =INDEX(Sheet2!$D$2:$D$1210,MATCH(Sheet1!A91,Sheet2!$B$2:$B$1210,0)) -> NL
A92: BOULLAND Philippe | B92: =INDEX(Sheet2!$D$2:$D$1210,MATCH(Sheet1!A92,Sheet2!$B$2:$B$1210,0)) -> FR
A93: GÁLL-PELCZ Ildikó | B93: =INDEX(Sheet2!$D$2:$D$1210,MATCH(Sheet1!A93,Sheet2!$B$2:$B$1210,0)) -> HU
A94: GUTIÉRREZ PRIETO Sergio | B94: =INDEX(Sheet2!$D$2:$D$1210,MATCH(Sheet1!A94,Sheet2!$B$2:$B$1210,0)) -> ES
A95: HARTONG Lucas | B95: =INDEX(Sheet2!$D$2:$D$1210,MATCH(Sheet1!A95,Sheet2!$B$2:$B$1210,0)) -> NL
A96: IRIGOYEN PÉREZ María | B96: =INDEX(Sheet2!$D$2:$D$1210,MATCH(Sheet1!A96,Sheet2!$B$2:$B$1210,0)) -> ES
A97: KOVÁCS Béla | B97: =INDEX(Sheet2!$D$2:$D$1210,MATCH(Sheet1!A97,Sheet2!$B$2:$B$1210,0)) -> HU
A98: KOZŁOWSKI Jan | B98: =INDEX(Sheet2!$D$2:$D$1210,MATCH(Sheet1!A98,Sheet2!$B$2:$B$1210,0)) -> PL
A99: LE GRIP Constance | B99: =INDEX(Sheet2!$D$2:$D$1210,MATCH(Sheet1!A99,Sheet2!$B$2:$B$1210,0)) -> FR
... A876: MAYER Alex | B876: =INDEX(Sheet2!$D$2:$D$1210,MATCH(Sheet1!A876,Sheet2!$B$2:$B$1210,0)) -> GB
A877: MAYER Georg | B877: AT
A878: MAZURONIS Valentinas | B878: =INDEX(Sheet2!$D$2:$D$1210,MATCH(Sheet1!A878,Sheet2!$B$2:$B$1210,0)) -> LT
A879: McALLISTER David | B879: =INDEX(Sheet2!$D$2:$D$1210,MATCH(Sheet1!A879,Sheet2!$B$2:$B$1210,0)) -> DE
A880: McAVAN Linda | B880: =INDEX(Sheet2!$D$2:$D$1210,MATCH(Sheet1!A880,Sheet2!$B$2:$B$1210,0)) -> GB
A881: McCLARKIN Emma | B881: =INDEX(Sheet2!$D$2:$D$1210,MATCH(Sheet1!A881,Sheet2!$B$2:$B$1210,0)) -> GB
A882: McGUINNESS Mairead | B882: =INDEX(Sheet2!$D$2:$D$1210,MATCH(Sheet1!A882,Sheet2!$B$2:$B$1210,0)) -> IE
A883: McINTYRE Anthea | B883: =INDEX(Sheet2!$D$2:$D$1210,MATCH(Sheet1!A883,Sheet2!$B$2:$B$1210,0)) -> GB
A884: MEISSNER Gesine | B884: =INDEX(Sheet2!$D$2:$D$1210,MATCH(Sheet1!A884,Sheet2!$B$2:$B$1210,0)) -> DE
A885: MÉLIN Joëlle | B885: =INDEX(Sheet2!$D$2:$D$1210,MATCH(Sheet1!A885,Sheet2!$B$2:$B$1210,0)) -> FR
A886: MELIOR Susanne | B886: =INDEX(Sheet2!$D$2:$D$1210,MATCH(Sheet1!A886,Sheet2!$B$2:$B$1210,0)) -> DE
A887: MELO Nuno | B887: =INDEX(Sheet2!$D$2:$D$1210,MATCH(Sheet1!A887,Sheet2!$B$2:$B$1210,0)) -> PT
A888: MESSERSCHMIDT Morten | B888: =INDEX(Sheet2!$D$2:$D$1210,MATCH(Sheet1!A888,Sheet2!$B$2:$B$1210,0)) -> DK
A889: MESZERICS Tamás | B889: =INDEX(Sheet2!$D$2:$D$1210,MATCH(Sheet1!A889,Sheet2!$B$2:$B$1210,0)) -> HU
... A1006: RODRIGUES Liliana | B1006: =INDEX(Sheet2!$D$2:$D$1210,MATCH(Sheet1!A1006,Sheet2!$B$2:$B$1210,0)) -> PT
A1007: RODRIGUES Maria João | B1007: PT
A1008: RODRÍGUEZ-PIÑERO FERNÁNDEZ Inmaculada | B1008: =INDEX(Sheet2!$D$2:$D$1210,MATCH(Sheet1!A1008,Sheet2!$B$2:$B$1210,0)) -> ES
A1009: RODUST Ulrike | B1009: =INDEX(Sheet2!$D$2:$D$1210,MATCH(Sheet1!A1009,Sheet2!$B$2:$B$1210,0)) -> DE
A1010: ROHDE Jens | B1010: =INDEX(Sheet2!$D$2:$D$1210,MATCH(Sheet1!A1010,Sheet2!$B$2:$B$1210,0)) -> DK
A1011: ROLIN Claude | B1011: =INDEX(Sheet2!$D$2:$D$1210,MATCH(Sheet1!A1011,Sheet2!$B$2:$B$1210,0)) -> BE
A1012: ROPĖ Bronis | B1012: =INDEX(Sheet2!$D$2:$D$1210,MATCH(Sheet1!A1012,Sheet2!$B$2:$B$1210,0)) -> LT
A1013: ROSATI Dariusz | B1013: =INDEX(Sheet2!$D$2:$D$1210,MATCH(Sheet1!A1013,Sheet2!$B$2:$B$1210,0)) -> PL
A1014: ROZIÈRE Virginie | B1014: =INDEX(Sheet2!$D$2:$D$1210,MATCH(Sheet1!A1014,Sheet2!$B$2:$B$1210,0)) -> FR
A1015: RUAS Fernando | B1015: =INDEX(Sheet2!$D$2:$D$1210,MATCH(Sheet1!A1015,Sheet2!$B$2:$B$1210,0)) -> PT
A1016: RÜBIG Paul | B1016: =INDEX(Sheet2!$D$2:$D$1210,MATCH(Sheet1!A1016,Sheet2!$B$2:$B$1210,0)) -> AT
A1017: RUOHONEN-LERNER Pirkko | B1017: =INDEX(Sheet2!$D$2:$D$1210,MATCH(Sheet1!A1017,Sheet2!$B$2:$B$1210,0)) -> FI
A1018: SAÏFI Tokia | B1018: =INDEX(Sheet2!$D$2:$D$1210,MATCH(Sheet1!A1018,Sheet2!$B$2:$B$1210,0)) -> FR
A1019: SAKORAFA Sofia | B1019: =INDEX(Sheet2!$D$2:$D$1210,MATCH(Sheet1!A1019,Sheet2!$B$2:$B$1210,0)) -> GR
... A1201: ZWIEFKA Tadeusz | B1201: =INDEX(Sheet2!$D$2:$D$1210,MATCH(Sheet1!A1201,Sheet2!$B$2:$B$1210,0)) -> PL

Sheet Sheet2
A1: Name | D1: Country | E1: National party | F1: Political Group | G1: Term start | H1: Term end | I1: Year Start
A2: BARBAGALLO Giovanni | B2: =A2 -> BARBAGALLO Giovanni | C2: =RIGHT(A2,LEN(A2)-FIND("@",SUBSTITUTE(A2," ","@",LEN(A2)-LEN(SUBSTITUTE(A2," ",""))))) -> Giovanni | D2: IT | E2: PD | F2: S&D | G2: 11.03.2014 | H2: 30.06.2014 | I2: 2014
A3: CRUZ Joaquim | B3: =A3 -> CRUZ Joaquim | C3: =RIGHT(A3,LEN(A3)-FIND("@",SUBSTITUTE(A3," ","@",LEN(A3)-LEN(SUBSTITUTE(A3," ",""))))) -> Joaquim | D3: PT | E3: PSD | F3: PPE | G3: 01.05.2014 | H3: 30.06.2014 | I3: 2014
A4: DIETRICH Roberto | B4: =A4 -> DIETRICH Roberto | C4: =RIGHT(A4,LEN(A4)-FIND("@",SUBSTITUTE(A4," ","@",LEN(A4)-LEN(SUBSTITUTE(A4," ",""))))) -> Roberto | D4: RO | E4: PNL | F4: ALDE | G4: 11.06.2014 | H4: 30.06.2014 | I4: 2014
A5: GKIKOPOULOS Georgios | B5: =A5 -> GKIKOPOULOS Georgios | C5: =RIGHT(A5,LEN(A5)-FIND("@",SUBSTITUTE(A5," ","@",LEN(A5)-LEN(SUBSTITUTE(A5," ",""))))) -> Georgios | D5: GR | E5: KKE | F5: GUE/NGL | G5: 19.05.2014 | H5: 30.06.2014 | I5: 2014
A6: HIDVÉGHI Balázs | B6: =A6 -> HIDVÉGHI Balázs | C6: =RIGHT(A6,LEN(A6)-FIND("@",SUBSTITUTE(A6," ","@",LEN(A6)-LEN(SUBSTITUTE(A6," ",""))))) -> Balázs | D6: HU | E6: Fidesz-KDNP | F6: PPE | G6: 15.05.2014 | H6: 30.06.2014 | I6: 2014
A7: KARI Rina Ronja | B7: =A7 -> KARI Rina Ronja | C7: =RIGHT(A7,LEN(A7)-FIND("@",SUBSTITUTE(A7," ","@",LEN(A7)-LEN(SUBSTITUTE(A7," ",""))))) -> Ronja | D7: DK | E7: N | F7: GUE/NGL | G7: 05.02.2014 | I7: 2014
A8: KOEWIUS Annette | B8: =A8 -> KOEWIUS Annette | C8: =RIGHT(A8,LEN(A8)-FIND("@",SUBSTITUTE(A8," ","@",LEN(A8)-LEN(SUBSTITUTE(A8," ",""))))) -> Annette | D8: DE | E8: CDU | F8: PPE | G8: 12.03.2014 | H8: 30.06.2014 | I8: 2014
A9: REVAULT D'ALLONNES BONNEFOY Christine | B9: =A9 -> REVAULT D'ALLONNES BONNEFOY Christine | C9: =RIGHT(A9,LEN(A9)-FIND("@",SUBSTITUTE(A9," ","@",LEN(A9)-LEN(SUBSTITUTE(A9," ",""))))) -> Christine | D9: FR | E9: PS | F9: S&D | G9: 09.04.2014 | I9: 2014
A10: ABELA BALDACCHINO Claudette | B10: =A10 -> ABELA BALDACCHINO Claudette | C10: =RIGHT(A10,LEN(A10)-FIND("@",SUBSTITUTE(A10," ","@",LEN(A10)-LEN(SUBSTITUTE(A10," ",""))))) -> Claudette | D10: MT | E10: MLP | F10: S&D | G10: 25.04.2013 | H10: 30.06.2014 | I10: 2013
A11: BALDINI Marino | B11: =A11 -> BALDINI Marino | C11: =RIGHT(A11,LEN(A11)-FIND("@",SUBSTITUTE(A11," ","@",LEN(A11)-LEN(SUBSTITUTE(A11," ",""))))) -> Marino | D11: HR | E11: SDP | F11: S&D | G11: 01.07.2013 | H11: 30.06.2014 | I11: 2013
A12: BERTOT Fabrizio | B12: =A12 -> BERTOT Fabrizio | C12: =RIGHT(A12,LEN(A12)-FIND("@",SUBSTITUTE(A12," ","@",LEN(A12)-LEN(SUBSTITUTE(A12," ",""))))) -> Fabrizio | D12: IT | E12: Forza Italia | F12: PPE | G12: 12.04.2013 | H12: 30.06.2014 | I12: 2013
A13: BONANINI Franco | B13: =A13 -> BONANINI Franco | C13: =RIGHT(A13,LEN(A13)-FIND("@",SUBSTITUTE(A13," ","@",LEN(A13)-LEN(SUBSTITUTE(A13," ",""))))) -> Franco | D13: IT | E13: Ind. | F13: NI | G13: 12.04.2013 | H13: 30.06.2014 | I13: 2013
A14: BORISSOV Preslav | B14: =A14 -> BORISSOV Preslav | C14: =RIGHT(A14,LEN(A14)-FIND("@",SUBSTITUTE(A14," ","@",LEN(A14)-LEN(SUBSTITUTE(A14," ",""))))) -> Preslav | D14: BG | E14: GERB | F14: PPE | G14: 01.01.2013 | H14: 30.06.2014 | I14: 2013
A15: BORZAN Biljana | B15: =A15 -> BORZAN Biljana | C15: =RIGHT(A15,LEN(A15)-FIND("@",SUBSTITUTE(A15," ","@",LEN(A15)-LEN(SUBSTITUTE(A15," ",""))))) -> Biljana | D15: HR | E15: SDP | F15: S&D | G15: 01.07.2013 | I15: 2013
A16: BUŠIĆ Zdravka | B16: =A16 -> BUŠIĆ Zdravka | C16: =RIGHT(A16,LEN(A16)-FIND("@",SUBSTITUTE(A16," ","@",LEN(A16)-LEN(SUBSTITUTE(A16," ",""))))) -> Zdravka | D16: HR | E16: HDZ | F16: PPE | G16: 01.07.2013 | H16: 30.06.2014 | I16: 2013
A17: DE MARTINI Susy | B17: =A17 -> DE MARTINI Susy | C17: =RIGHT(A17,LEN(A17)-FIND("@",SUBSTITUTE(A17," ","@",LEN(A17)-LEN(SUBSTITUTE(A17," ",""))))) -> Susy | D17: IT | E17: Forza Italia | F17: ECR | G17: 12.04.2013 | H17: 30.06.2014 | I17: 2013
A18: DEMESMAEKER Mark | B18: =A18 -> DEMESMAEKER Mark | C18: =RIGHT(A18,LEN(A18)-FIND("@",SUBSTITUTE(A18," ","@",LEN(A18)-LEN(SUBSTITUTE(A18," ",""))))) -> Mark | D18: BE | E18: N-VA | F18: Verts/ALE | G18: 01.02.2013 | I18: 2013
A19: FRIGO Franco | B19: =A19 -> FRIGO Franco | C19: =RIGHT(A19,LEN(A19)-FIND("@",SUBSTITUTE(A19," ","@",LEN(A19)-LEN(SUBSTITUTE(A19," ",""))))) -> Franco | D19: IT | E19: PD | F19: S&D | G19: 07.05.2013 | H19: 30.06.2014 | I19: 2013
A20: IRAZABALBEITIA FERNÁNDEZ Iñaki | B20: =A20 -> IRAZABALBEITIA FERNÁNDEZ Iñaki | C20: =RIGHT(A20,LEN(A20)-FIND("@",SUBSTITUTE(A20," ","@",LEN(A20)-LEN(SUBSTITUTE(A20," ",""))))) -> Iñaki | D20: ES | E20: Aralar | F20: Verts/ALE | G20: 11.07.2013 | H20: 30.06.2014 | I20: 2013
A21: LARSEN-JENSEN Claus | B21: =A21 -> LARSEN-JENSEN Claus | C21: =RIGHT(A21,LEN(A21)-FIND("@",SUBSTITUTE(A21," ","@",LEN(A21)-LEN(SUBSTITUTE(A21," ",""))))) -> Claus | D21: DK | E21: A | F21: S&D | G21: 13.12.2013 | H21: 30.06.2014 | I21: 2013
A22: MALETIĆ Ivana | B22: =A22 -> MALETIĆ Ivana | C22: =RIGHT(A22,LEN(A22)-FIND("@",SUBSTITUTE(A22," ","@",LEN(A22)-LEN(SUBSTITUTE(A22," ",""))))) -> Ivana | D22: HR | E22: HDZ | F22: PPE | G22: 01.07.2013 | I22: 2013
A23: METSOLA Roberta | B23: =A23 -> METSOLA Roberta | C23: =RIGHT(A23,LEN(A23)-FIND("@",SUBSTITUTE(A23," ","@",LEN(A23)-LEN(SUBSTITUTE(A23," ",""))))) -> Roberta | D23: MT | E23: PN | F23: PPE | G23: 25.04.2013 | I23: 2013
A24: MICHELS Martina | B24: =A24 -> MICHELS Martina | C24: =RIGHT(A24,LEN(A24)-FIND("@",SUBSTITUTE(A24," ","@",LEN(A24)-LEN(SUBSTITUTE(A24," ",""))))) -> Martina | D24: DE | E24: DIE LINKE. | F24: GUE/NGL | G24: 05.09.2013 | I24: 2013
A25: MIZZI Marlene | B25: =A25 -> MIZZI Marlene | C25: =RIGHT(A25,LEN(A25)-FIND("@",SUBSTITUTE(A25," ","@",LEN(A25)-LEN(SUBSTITUTE(A25," ",""))))) -> Marlene | D25: MT | E25: MLP | F25: S&D | G25: 25.04.2013 | I25: 2013
A26: PETROVIĆ JAKOVINA Sandra | B26: =A26 -> PETROVIĆ JAKOVINA Sandra | C26: =RIGHT(A26,LEN(A26)-FIND("@",SUBSTITUTE(A26," ","@",LEN(A26)-LEN(SUBSTITUTE(A26," ",""))))) -> Sandra | D26: HR | E26: SDP | F26: S&D | G26: 01.07.2013 | H26: 30.06.2014 | I26: 2013
A27: PICULA Tonino | B27: =A27 -> PICULA Tonino | C27: =RIGHT(A27,LEN(A27)-FIND("@",SUBSTITUTE(A27," ","@",LEN(A27)-LEN(SUBSTITUTE(A27," ",""))))) -> Tonino | D27: HR | E27: SDP | F27: S&D | G27: 01.07.2013 | I27: 2013
A28: PITSILLIDES Andreas | B28: =A28 -> PITSILLIDES Andreas | C28: =RIGHT(A28,LEN(A28)-FIND("@",SUBSTITUTE(A28," ","@",LEN(A28)-LEN(SUBSTITUTE(A28," ",""))))) -> Andreas | D28: CY | E28: DI.SY | F28: PPE | G28: 04.03.2013 | H28: 30.06.2014 | I28: 2013
A29: PLENKOVIĆ Andrej | B29: =A29 -> PLENKOVIĆ Andrej | C29: =RIGHT(A29,LEN(A29)-FIND("@",SUBSTITUTE(A29," ","@",LEN(A29)-LEN(SUBSTITUTE(A29," ",""))))) -> Andrej | D29: HR | E29: HDZ | F29: PPE | G29: 01.07.2013 | I29: 2013
A30: ROSS Tadeusz | B30: =A30 -> ROSS Tadeusz | C30: =RIGHT(A30,LEN(A30)-FIND("@",SUBSTITUTE(A30," ","@",LEN(A30)-LEN(SUBSTITUTE(A30," ",""))))) -> Tadeusz | D30: PL | E30: PO | F30: PPE | G30: 17.12.2013 | H30: 30.06.2014 | I30: 2013
A31: STIER Davor Ivo | B31: =A31 -> STIER Davor Ivo | C31: =RIGHT(A31,LEN(A31)-FIND("@",SUBSTITUTE(A31," ","@",LEN(A31)-LEN(SUBSTITUTE(A31," ",""))))) -> Ivo | D31: HR | E31: HDZ | F31: PPE | G31: 01.07.2013 | I31: 2013
A32: ŠUICA Dubravka | B32: =A32 -> ŠUICA Dubravka | C32: =RIGHT(A32,LEN(A32)-FIND("@",SUBSTITUTE(A32," ","@",LEN(A32)-LEN(SUBSTITUTE(A32," ",""))))) -> Dubravka | D32: HR | E32: HDZ | F32: PPE | G32: 01.07.2013 | I32: 2013
A33: TOMAŠIĆ Ruža | B33: =A33 -> TOMAŠIĆ Ruža | C33: =RIGHT(A33,LEN(A33)-FIND("@",SUBSTITUTE(A33," ","@",LEN(A33)-LEN(SUBSTITUTE(A33," ",""))))) -> Ruža | D33: HR | E33: HSP AS | F33: ECR | G33: 01.07.2013 | I33: 2013
A34: VALJALO Oleg | B34: =A34 -> VALJALO Oleg | C34: =RIGHT(A34,LEN(A34)-FIND("@",SUBSTITUTE(A34," ","@",LEN(A34)-LEN(SUBSTITUTE(A34," ",""))))) -> Oleg | D34: HR | E34: SDP | F34: S&D | G34: 01.07.2013 | H34: 30.06.2014 | I34: 2013
A35: VULJANIĆ Nikola | B35: =A35 -> VULJANIĆ Nikola | C35: =RIGHT(A35,LEN(A35)-FIND("@",SUBSTITUTE(A35," ","@",LEN(A35)-LEN(SUBSTITUTE(A35," ",""))))) -> Nikola | D35: HR | E35: HL | F35: GUE/NGL | G35: 01.07.2013 | H35: 30.06.2014 | I35: 2013
A36: ZAMFIRESCU Dan Dumitru | B36: =A36 -> ZAMFIRESCU Dan Dumitru | C36: =RIGHT(A36,LEN(A36)-FIND("@",SUBSTITUTE(A36," ","@",LEN(A36)-LEN(SUBSTITUTE(A36," ",""))))) -> Dumitru | D36: RO | E36: PRM | F36: NI | G36: 09.01.2013 | H36: 30.06.2014 | I36: 2013
A37: ANDERSON Martina | B37: =A37 -> ANDERSON Martina | C37: Martina | D37: GB | E37: SF | F37: GUE/NGL | G37: 12.06.2012 | I37: 2012
A38: ANDRIEU Eric | B38: =A38 -> ANDRIEU Eric | C38: =RIGHT(A38,LEN(A38)-FIND("@",SUBSTITUTE(A38," ","@",LEN(A38)-LEN(SUBSTITUTE(A38," ",""))))) -> Eric | D38: FR | E38: PS | F38: S&D | G38: 16.05.2012 | I38: 2012
A39: BÁNKI Erik | B39: =A39 -> BÁNKI Erik | C39: =RIGHT(A39,LEN(A39)-FIND("@",SUBSTITUTE(A39," ","@",LEN(A39)-LEN(SUBSTITUTE(A39," ",""))))) -> Erik | D39: HU | E39: Fidesz-KDNP | F39: PPE | G39: 01.06.2012 | H39: 05.05.2014 | I39: 2012
A40: BARRACCIU Francesca | B40: =A40 -> BARRACCIU Francesca | C40: =RIGHT(A40,LEN(A40)-FIND("@",SUBSTITUTE(A40," ","@",LEN(A40)-LEN(SUBSTITUTE(A40," ",""))))) -> Francesca | D40: IT | E40: PD | F40: S&D | G40: 17.12.2012 | H40: 27.02.2014 | I40: 2012
A41: BENNION Phil | B41: =A41 -> BENNION Phil | C41: =RIGHT(A41,LEN(A41)-FIND("@",SUBSTITUTE(A41," ","@",LEN(A41)-LEN(SUBSTITUTE(A41," ",""))))) -> Phil | D41: GB | E41: LDP | F41: ALDE | G41: 06.02.2012 | H41: 30.06.2014 | I41: 2012
A42: BERRA Nora | B42: =A42 -> BERRA Nora | C42: =RIGHT(A42,LEN(A42)-FIND("@",SUBSTITUTE(A42," ","@",LEN(A42)-LEN(SUBSTITUTE(A42," ",""))))) -> Nora | D42: FR | E42: UMP | F42: PPE | G42: 16.06.2012 | H42: 30.06.2014 | I42: 2012
A43: BICEP Jean-Jacob | B43: =A43 -> BICEP Jean-Jacob | C43: =RIGHT(A43,LEN(A43)-FIND("@",SUBSTITUTE(A43," ","@",LEN(A43)-LEN(SUBSTITUTE(A43," ",""))))) -> Jean-Jacob | D43: FR | E43: Europe Écologie | F43: Verts/ALE | G43: 16.05.2012 | H43: 02.05.2014 | I43: 2012
A44: CHRYSOGELOS Nikos | B44: =A44 -> CHRYSOGELOS Nikos | C44: =RIGHT(A44,LEN(A44)-FIND("@",SUBSTITUTE(A44," ","@",LEN(A44)-LEN(SUBSTITUTE(A44," ",""))))) -> Nikos | D44: GR | E44: Oikologoi prasinoi | F44: Verts/ALE | G44: 02.02.2012 | H44: 30.06.2014 | I44: 2012
A45: CLIVETI Minodora | B45: =A45 -> CLIVETI Minodora | C45: =RIGHT(A45,LEN(A45)-FIND("@",SUBSTITUTE(A45," ","@",LEN(A45)-LEN(SUBSTITUTE(A45," ",""))))) -> Minodora | D45: RO | E45: PSD | F45: S&D | G45: 18.05.2012 | H45: 30.06.2014 | I45: 2012
A46: COLLIN-LANGEN Birgit | B46: =A46 -> COLLIN-LANGEN Birgit | C46: =RIGHT(A46,LEN(A46)-FIND("@",SUBSTITUTE(A46," ","@",LEN(A46)-LEN(SUBSTITUTE(A46," ",""))))) -> Birgit | D46: DE | E46: CDU | F46: PPE | G46: 17.03.2012 | I46: 2012
A47: CORREA ZAMORA María Auxiliadora | B47: =A47 -> CORREA ZAMORA María Auxiliadora | C47: =RIGHT(A47,LEN(A47)-FIND("@",SUBSTITUTE(A47," ","@",LEN(A47)-LEN(SUBSTITUTE(A47," ",""))))) -> Auxiliadora | D47: ES | E47: PP | F47: PPE | G47: 13.01.2012 | H47: 30.06.2014 | I47: 2012
A48: COSTELLO Emer | B48: =A48 -> COSTELLO Emer | C48: =RIGHT(A48,LEN(A48)-FIND("@",SUBSTITUTE(A48," ","@",LEN(A48)-LEN(SUBSTITUTE(A48," ",""))))) -> Emer | D48: IE | E48: Lab. | F48: S&D | G48: 15.02.2012 | H48: 30.06.2014 | I48: 2012
A49: van der KAMMEN Patricia | B49: =A49 -> van der KAMMEN Patricia | C49: =RIGHT(A49,LEN(A49)-FIND("@",SUBSTITUTE(A49," ","@",LEN(A49)-LEN(SUBSTITUTE(A49," ",""))))) -> Patricia | D49: NL | E49: PVV | F49: NI | G49: 03.10.2012 | H49: 30.06.2014 | I49: 2012
A50: MIRANDA Ana | B50: =A50 -> MIRANDA Ana | C50: =RIGHT(A50,LEN(A50)-FIND("@",SUBSTITUTE(A50," ","@",LEN(A50)-LEN(SUBSTITUTE(A50," ",""))))) -> Ana | D50: ES | E50: BNG | F50: Verts/ALE | G50: 01.01.2012 | H50: 09.07.2013 | I50: 2012
A51: MYNÁŘ Vojtěch | B51: =A51 -> MYNÁŘ Vojtěch | C51: =RIGHT(A51,LEN(A51)-FIND("@",SUBSTITUTE(A51," ","@",LEN(A51)-LEN(SUBSTITUTE(A51," ",""))))) -> Vojtěch | D51: CZ | E51: ČSSD | F51: S&D | G51: 23.07.2012 | H51: 30.06.2014 | I51: 2012
A52: OMARJEE Younous | B52: =A52 -> OMARJEE Younous | C52: =RIGHT(A52,LEN(A52)-FIND("@",SUBSTITUTE(A52," ","@",LEN(A52)-LEN(SUBSTITUTE(A52," ",""))))) -> Younous | D52: FR | E52: Alliance des Outre-Mers | F52: GUE/NGL | G52: 04.01.2012 | I52: 2012
A53: PANAYOTOVA Monika | B53: =A53 -> PANAYOTOVA Monika | C53: =RIGHT(A53,LEN(A53)-FIND("@",SUBSTITUTE(A53," ","@",LEN(A53)-LEN(SUBSTITUTE(A53," ",""))))) -> Monika | D53: BG | E53: GERB | F53: PPE | G53: 06.12.2012 | H53: 30.06.2014 | I53: 2012
A54: SARVAMAA Petri | B54: =A54 -> SARVAMAA Petri | C54: =RIGHT(A54,LEN(A54)-FIND("@",SUBSTITUTE(A54," ","@",LEN(A54)-LEN(SUBSTITUTE(A54," ",""))))) -> Petri | D54: FI | E54: KOK | F54: PPE | G54: 01.03.2012 | I54: 2012
A55: SOPHOCLEOUS Sophocles | B55: =A55 -> SOPHOCLEOUS Sophocles | C55: =RIGHT(A55,LEN(A55)-FIND("@",SUBSTITUTE(A55," ","@",LEN(A55)-LEN(SUBSTITUTE(A55," ",""))))) -> Sophocles | D55: CY | E55: K.S. EDEK | F55: S&D | G55: 01.09.2012 | H55: 30.06.2014 | I55: 2012
A56: SOUSA Alda | B56: =A56 -> SOUSA Alda | C56: =RIGHT(A56,LEN(A56)-FIND("@",SUBSTITUTE(A56," ","@",LEN(A56)-LEN(SUBSTITUTE(A56," ",""))))) -> Alda | D56: PT | E56: B.E. | F56: GUE/NGL | G56: 09.05.2012 | H56: 30.06.2014 | I56: 2012
A57: TAYLOR Rebecca | B57: =A57 -> TAYLOR Rebecca | C57: =RIGHT(A57,LEN(A57)-FIND("@",SUBSTITUTE(A57," ","@",LEN(A57)-LEN(SUBSTITUTE(A57," ",""))))) -> Rebecca | D57: GB | E57: LDP | F57: ALDE | G57: 08.03.2012 | H57: 30.06.2014 | I57: 2012
A58: THOMAS Isabelle | B58: =A58 -> THOMAS Isabelle | C58: =RIGHT(A58,LEN(A58)-FIND("@",SUBSTITUTE(A58," ","@",LEN(A58)-LEN(SUBSTITUTE(A58," ",""))))) -> Isabelle | D58: FR | E58: PS | F58: S&D | G58: 16.05.2012 | I58: 2012
A59: TORVALDS Nils | B59: =A59 -> TORVALDS Nils | C59: =RIGHT(A59,LEN(A59)-FIND("@",SUBSTITUTE(A59," ","@",LEN(A59)-LEN(SUBSTITUTE(A59," ",""))))) -> Nils | D59: FI | E59: SFP | F59: ALDE | G59: 05.07.2012 | I59: 2012
A60: VITKAUSKAITE BERNARD Justina | B60: =A60 -> VITKAUSKAITE BERNARD Justina | C60: =RIGHT(A60,LEN(A60)-FIND("@",SUBSTITUTE(A60," ","@",LEN(A60)-LEN(SUBSTITUTE(A60," ",""))))) -> Justina | D60: LT | E60: DP | F60: ALDE | G60: 21.11.2012 | H60: 30.06.2014 | I60: 2012
A61: ZÉRIBI Karim | B61: =A61 -> ZÉRIBI Karim | C61: =RIGHT(A61,LEN(A61)-FIND("@",SUBSTITUTE(A61," ","@",LEN(A61)-LEN(SUBSTITUTE(A61," ",""))))) -> Karim | D61: FR | E61: Europe Écologie | F61: Verts/ALE | G61: 16.05.2012 | H61: 02.05.2014 | I61: 2012
A62: ZUBER Inês Cristina | B62: =A62 -> ZUBER Inês Cristina | C62: =RIGHT(A62,LEN(A62)-FIND("@",SUBSTITUTE(A62," ","@",LEN(A62)-LEN(SUBSTITUTE(A62," ",""))))) -> Cristina | D62: PT | E62: PCP | F62: GUE/NGL | G62: 18.01.2012 | I62: 2012
A63: ANDERSDOTTER Amelia | B63: =A63 -> ANDERSDOTTER Amelia | C63: =RIGHT(A63,LEN(A63)-FIND("@",SUBSTITUTE(A63," ","@",LEN(A63)-LEN(SUBSTITUTE(A63," ",""))))) -> Amelia | D63: SE | E63: PP | F63: Verts/ALE | G63: 01.12.2011 | H63: 30.06.2014 | I63: 2011
A64: BECKER Heinz K. | B64: =A64 -> BECKER Heinz K. | C64: =RIGHT(A64,LEN(A64)-FIND("@",SUBSTITUTE(A64," ","@",LEN(A64)-LEN(SUBSTITUTE(A64," ",""))))) -> K. | D64: AT | E64: ÖVP | F64: PPE | G64: 01.04.2011 | I64: 2011
A65: BRATKOWSKI Arkadiusz Tomasz | B65: =A65 -> BRATKOWSKI Arkadiusz Tomasz | C65: =RIGHT(A65,LEN(A65)-FIND("@",SUBSTITUTE(A65," ","@",LEN(A65)-LEN(SUBSTITUTE(A65," ",""))))) -> Tomasz | D65: PL | E65: PSL | F65: PPE | G65: 07.12.2011 | H65: 30.06.2014 | I65: 2011
A66: CRONBERG Tarja | B66: =A66 -> CRONBERG Tarja | C66: =RIGHT(A66,LEN(A66)-FIND("@",SUBSTITUTE(A66," ","@",LEN(A66)-LEN(SUBSTITUTE(A66," ",""))))) -> Tarja | D66: FI | E66: VIHR | F66: Verts/ALE | G66: 22.06.2011 | H66: 30.06.2014 | I66: 2011
A67: CUSCHIERI Joseph | B67: =A67 -> CUSCHIERI Joseph | C67: =RIGHT(A67,LEN(A67)-FIND("@",SUBSTITUTE(A67," ","@",LEN(A67)-LEN(SUBSTITUTE(A67," ",""))))) -> Joseph | D67: MT | E67: MLP | F67: S&D | G67: 01.12.2011 | H67: 30.06.2014 | I67: 2011
A68: DE BACKER Philippe | B68: =A68 -> DE BACKER Philippe | C68: =RIGHT(A68,LEN(A68)-FIND("@",SUBSTITUTE(A68," ","@",LEN(A68)-LEN(SUBSTITUTE(A68," ",""))))) -> Philippe | D68: BE | E68: Open VLD | F68: ALDE | G68: 07.09.2011 | I68: 2011
A69: DROUTSAS Dimitrios | B69: =A69 -> DROUTSAS Dimitrios | C69: =RIGHT(A69,LEN(A69)-FIND("@",SUBSTITUTE(A69," ","@",LEN(A69)-LEN(SUBSTITUTE(A69," ",""))))) -> Dimitrios | D69: GR | E69: PASOK | F69: S&D | G69: 22.06.2011 | H69: 30.06.2014 | I69: 2011
A70: GARCÍA-HIERRO CARABALLO Dolores | B70: =A70 -> GARCÍA-HIERRO CARABALLO Dolores | C70: =RIGHT(A70,LEN(A70)-FIND("@",SUBSTITUTE(A70," ","@",LEN(A70)-LEN(SUBSTITUTE(A70," ",""))))) -> Dolores | D70: ES | E70: PSOE | F70: S&D | G70: 01.12.2011 | H70: 30.06.2014 | I70: 2011
A71: GUSTAFSSON Mikael | B71: =A71 -> GUSTAFSSON Mikael | C71: =RIGHT(A71,LEN(A71)-FIND("@",SUBSTITUTE(A71," ","@",LEN(A71)-LEN(SUBSTITUTE(A71," ",""))))) -> Mikael | D71: SE | E71: V | F71: GUE/NGL | G71: 22.09.2011 | H71: 30.06.2014 | I71: 2011
A72: JOHANSSON Kent | B72: =A72 -> JOHANSSON Kent | C72: =RIGHT(A72,LEN(A72)-FIND("@",SUBSTITUTE(A72," ","@",LEN(A72)-LEN(SUBSTITUTE(A72," ",""))))) -> Kent | D72: SE | E72: C | F72: ALDE | G72: 21.10.2011 | H72: 30.06.2014 | I72: 2011
A73: KLEVA KEKUŠ Mojca | B73: =A73 -> KLEVA KEKUŠ Mojca | C73: =RIGHT(A73,LEN(A73)-FIND("@",SUBSTITUTE(A73," ","@",LEN(A73)-LEN(SUBSTITUTE(A73," ",""))))) -> Mojca | D73: SI | E73: SD | F73: S&D | G73: 13.04.2011 | H73: 30.06.2014 | I73: 2011
A74: LE BRUN Agnès | B74: =A74 -> LE BRUN Agnès | C74: =RIGHT(A74,LEN(A74)-FIND("@",SUBSTITUTE(A74," ","@",LEN(A74)-LEN(SUBSTITUTE(A74," ",""))))) -> Agnès | D74: FR | E74: UMP | F74: PPE | G74: 01.01.2011 | H74: 30.06.2014 | I74: 2011
A75: McINTYRE Anthea | B75: =A75 -> McINTYRE Anthea | C75: =RIGHT(A75,LEN(A75)-FIND("@",SUBSTITUTE(A75," ","@",LEN(A75)-LEN(SUBSTITUTE(A75," ",""))))) -> Anthea | D75: GB | E75: Cons. | F75: ECR | G75: 01.12.2011 | I75: 2011
A76: MALINOV Svetoslav Hristov | B76: =A76 -> MALINOV Svetoslav Hristov | C76: =RIGHT(A76,LEN(A76)-FIND("@",SUBSTITUTE(A76," ","@",LEN(A76)-LEN(SUBSTITUTE(A76," ",""))))) -> Hristov | D76: BG | E76: SK | F76: PPE | G76: 01.12.2011 | I76: 2011
A77: MAZEJ KUKOVIČ Zofija | B77: =A77 -> MAZEJ KUKOVIČ Zofija | C77: =RIGHT(A77,LEN(A77)-FIND("@",SUBSTITUTE(A77," ","@",LEN(A77)-LEN(SUBSTITUTE(A77," ",""))))) -> Zofija | D77: SI | E77: SDS | F77: PPE | G77: 08.12.2011 | H77: 30.06.2014 | I77: 2011
A78: MURPHY Paul | B78: =A78 -> MURPHY Paul | C78: =RIGHT(A78,LEN(A78)-FIND("@",SUBSTITUTE(A78," ","@",LEN(A78)-LEN(SUBSTITUTE(A78," ",""))))) -> Paul | D78: IE | E78: SP | F78: GUE/NGL | G78: 01.04.2011 | H78: 30.06.2014 | I78: 2011
A79: NILSSON Jens | B79: =A79 -> NILSSON Jens | C79: =RIGHT(A79,LEN(A79)-FIND("@",SUBSTITUTE(A79," ","@",LEN(A79)-LEN(SUBSTITUTE(A79," ",""))))) -> Jens | D79: SE | E79: SAP | F79: S&D | G79: 01.12.2011 | I79: 2011
A80: ORTIZ VILELLA Eva | B80: =A80 -> ORTIZ VILELLA Eva | C80: =RIGHT(A80,LEN(A80)-FIND("@",SUBSTITUTE(A80," ","@",LEN(A80)-LEN(SUBSTITUTE(A80," ",""))))) -> Eva | D80: ES | E80: PP | F80: PPE | G80: 01.12.2011 | H80: 30.06.2014 | I80: 2011
A81: PRENDERGAST Phil | B81: =A81 -> PRENDERGAST Phil | C81: =RIGHT(A81,LEN(A81)-FIND("@",SUBSTITUTE(A81," ","@",LEN(A81)-LEN(SUBSTITUTE(A81," ",""))))) -> Phil | D81: IE | E81: Lab. | F81: S&D | G81: 21.04.2011 | H81: 30.06.2014 | I81: 2011
A82: PROUST Franck | B82: =A82 -> PROUST Franck | C82: Franck | D82: FR | E82: UMP | F82: PPE | G82: 23.06.2011 | I82: 2011
A83: ROATTA Jean | B83: =A83 -> ROATTA Jean | C83: =RIGHT(A83,LEN(A83)-FIND("@",SUBSTITUTE(A83," ","@",LEN(A83)-LEN(SUBSTITUTE(A83," ",""))))) -> Jean | D83: FR | E83: UMP | F83: PPE | G83: 07.12.2011 | H83: 30.06.2014 | I83: 2011
A84: ŠADURSKIS Kārlis | B84: =A84 -> ŠADURSKIS Kārlis | C84: =RIGHT(A84,LEN(A84)-FIND("@",SUBSTITUTE(A84," ","@",LEN(A84)-LEN(SUBSTITUTE(A84," ",""))))) -> Kārlis | D84: LV | E84: V | F84: PPE | G84: 01.12.2011 | H84: 30.06.2014 | I84: 2011
A85: SEDÓ i ALABART Salvador | B85: =A85 -> SEDÓ i ALABART Salvador | C85: =RIGHT(A85,LEN(A85)-FIND("@",SUBSTITUTE(A85," ","@",LEN(A85)-LEN(SUBSTITUTE(A85," ",""))))) -> Salvador | D85: ES | E85: UDC | F85: PPE | G85: 01.12.2011 | H85: 30.06.2014 | I85: 2011
A86: STADLER Ewald | B86: =A86 -> STADLER Ewald | C86: =RIGHT(A86,LEN(A86)-FIND("@",SUBSTITUTE(A86," ","@",LEN(A86)-LEN(SUBSTITUTE(A86," ",""))))) -> Ewald | D86: AT | E86: REKOS | F86: NI | G86: 07.12.2011 | H86: 30.06.2014 | I86: 2011
A87: TERHO Sampo | B87: =A87 -> TERHO Sampo | C87: Sampo | D87: FI | E87: Perus | F87: EFD | G87: 26.04.2011 | I87: 2011
A88: TREMATERRA Gino | B88: =A88 -> TREMATERRA Gino | C88: =RIGHT(A88,LEN(A88)-FIND("@",SUBSTITUTE(A88," ","@",LEN(A88)-LEN(SUBSTITUTE(A88," ",""))))) -> Gino | D88: IT | E88: UDC | F88: PPE | G88: 01.12.2011 | H88: 30.06.2014 | I88: 2011
A89: WEIDENHOLZER Josef | B89: =A89 -> WEIDENHOLZER Josef | C89: =RIGHT(A89,LEN(A89)-FIND("@",SUBSTITUTE(A89," ","@",LEN(A89)-LEN(SUBSTITUTE(A89," ",""))))) -> Josef | D89: AT | E89: SPÖ | F89: S&D | G89: 01.12.2011 | I89: 2011
A90: ZANONI Andrea | B90: =A90 -> ZANONI Andrea | C90: =RIGHT(A90,LEN(A90)-FIND("@",SUBSTITUTE(A90," ","@",LEN(A90)-LEN(SUBSTITUTE(A90," ",""))))) -> Andrea | D90: IT | E90: - | F90: S&D | G90: 19.07.2011 | H90: 30.06.2014 | I90: 2011
A91: ZIJLSTRA Auke | B91: =A91 -> ZIJLSTRA Auke | C91: Auke | D91: NL | E91: PVV | F91: NI | G91: 13.09.2011 | H91: 30.06.2014 | I91: 2011
A92: BOULLAND Philippe | B92: =A92 -> BOULLAND Philippe | C92: =RIGHT(A92,LEN(A92)-FIND("@",SUBSTITUTE(A92," ","@",LEN(A92)-LEN(SUBSTITUTE(A92," ",""))))) -> Philippe | D92: FR | E92: UMP | F92: PPE | G92: 15.12.2010 | H92: 30.06.2014 | I92: 2010
A93: GÁLL-PELCZ Ildikó | B93: =A93 -> GÁLL-PELCZ Ildikó | C93: =RIGHT(A93,LEN(A93)-FIND("@",SUBSTITUTE(A93," ","@",LEN(A93)-LEN(SUBSTITUTE(A93," ",""))))) -> Ildikó | D93: HU | E93: Fidesz-KDNP | F93: PPE | G93: 02.06.2010 | I93: 2010
A94: GUTIÉRREZ PRIETO Sergio | B94: =A94 -> GUTIÉRREZ PRIETO Sergio | C94: =RIGHT(A94,LEN(A94)-FIND("@",SUBSTITUTE(A94," ","@",LEN(A94)-LEN(SUBSTITUTE(A94," ",""))))) -> Sergio | D94: ES | E94: PSOE | F94: S&D | G94: 19.07.2010 | I94: 2010
A95: HARTONG Lucas | B95: =A95 -> HARTONG Lucas | C95: =RIGHT(A95,LEN(A95)-FIND("@",SUBSTITUTE(A95," ","@",LEN(A95)-LEN(SUBSTITUTE(A95," ",""))))) -> Lucas | D95: NL | E95: PVV | F95: NI | G95: 22.06.2010 | H95: 30.06.2014 | I95: 2010
A96: IRIGOYEN PÉREZ María | B96: =A96 -> IRIGOYEN PÉREZ María | C96: =RIGHT(A96,LEN(A96)-FIND("@",SUBSTITUTE(A96," ","@",LEN(A96)-LEN(SUBSTITUTE(A96," ",""))))) -> María | D96: ES | E96: PSOE | F96: S&D | G96: 16.11.2010 | H96: 30.06.2014 | I96: 2010
A97: KOVÁCS Béla | B97: =A97 -> KOVÁCS Béla | C97: =RIGHT(A97,LEN(A97)-FIND("@",SUBSTITUTE(A97," ","@",LEN(A97)-LEN(SUBSTITUTE(A97," ",""))))) -> Béla | D97: HU | E97: Jobbik | F97: NI | G97: 31.05.2010 | I97: 2010
A98: KOZŁOWSKI Jan | B98: =A98 -> KOZŁOWSKI Jan | C98: =RIGHT(A98,LEN(A98)-FIND("@",SUBSTITUTE(A98," ","@",LEN(A98)-LEN(SUBSTITUTE(A98," ",""))))) -> Jan | D98: PL | E98: PO | F98: PPE | G98: 04.03.2010 | H98: 30.06.2014 | I98: 2010
A99: LE GRIP Constance | B99: =A99 -> LE GRIP Constance | C99: =RIGHT(A99,LEN(A99)-FIND("@",SUBSTITUTE(A99," ","@",LEN(A99)-LEN(SUBSTITUTE(A99," ",""))))) -> Constance | D99: FR | E99: UMP | F99: PPE | G99: 10.02.2010 | I99: 2010
A100: TAYLOR Keith | B100: =A100 -> TAYLOR Keith | C100: =RIGHT(A100,LEN(A100)-FIND("@",SUBSTITUTE(A100," ","@",LEN(A100)-LEN(SUBSTITUTE(A100," ",""))))) -> Keith | D100: GB | E100: GP | F100: Verts/ALE | G100: 02.06.2010 | I100: 2010
...
